publisher,event_label,is_control,mean_sentiment,median_sentiment,std_sentiment,n_articles
Deutsche Welle,Womens_March_2017,False,-0.9881,-0.9882500000000001,0.0032873494895838077,4
Deutsche Welle,IWD_2018_Global,False,-0.9870666666666666,-0.9939,0.01209641820264718,3
Deutsche Welle,MeToo_Protests_2017,False,-0.9867,-0.9867,,1
Tagesschau,Roe_Leak_Protests_2022,False,-0.984258,-0.9893,0.01723846067752607,50
Die Tageszeitung (taz),Women_Life_Freedom_2022,False,-0.983574,-0.9885,0.012894229210727397,50
Deutsche Welle,Polish_Womens_Strike_2020,False,-0.980962,-0.9884999999999999,0.023862231193897604,50
Die Zeit,IWD_2018_Global,False,-0.9807,-0.98115,0.011361840897118277,8
Tagesschau,Sarah_Everard_Vigils_2021,False,-0.977372,-0.9876,0.03205671020843772,50
Tagesschau,Israeli_Womens_Protests_2023,False,-0.974334,-0.9866,0.03002364109314186,50
Die Tageszeitung (taz),Roe_Leak_Protests_2022,False,-0.9741679999999999,-0.9823,0.029271679145549543,50
Deutsche Welle,Sarah_Everard_Vigils_2021,False,-0.974106,-0.9864,0.05267753039165054,50
Tagesschau,Women_Life_Freedom_2022,False,-0.972538,-0.9892,0.0651837994459059,50
Die Tageszeitung (taz),Polish_Womens_Strike_2020,False,-0.97247,-0.98185,0.0458411064527933,50
Frankfurter Allgemeine Zeitung,Sarah_Everard_Vigils_2021,False,-0.972082,-0.9864,0.04926740732461776,50
Frankfurter Allgemeine Zeitung,Polish_Womens_Strike_2020,False,-0.969012,-0.98055,0.06733774948810249,50
Die Tageszeitung (taz),Israeli_Womens_Protests_2023,False,-0.967756,-0.9892,0.09024786313259722,50
Spiegel Online,Roe_Leak_Protests_2022,False,-0.967462,-0.9833,0.053408414417694915,50
Frankfurter Allgemeine Zeitung,Swiss_Womens_Strike_2019,False,-0.966708,-0.9864,0.05939400038415204,50
Deutsche Welle,Israeli_Womens_Protests_2023,False,-0.96486,-0.9866,0.06517344833094946,50
Frankfurter Allgemeine Zeitung,Women_Life_Freedom_2022,False,-0.963552,-0.983,0.09429171461426479,50
Deutsche Welle,Swiss_Womens_Strike_2019,False,-0.9573,-0.9857,0.10706016618553078,50
Spiegel Online,Women_Life_Freedom_2022,False,-0.955472,-0.9823,0.12075724179070155,50
Frankfurter Allgemeine Zeitung,Israeli_Womens_Protests_2023,False,-0.9542459999999999,-0.9822,0.08048453574369148,50
Die Zeit,Swiss_Womens_Strike_2019,False,-0.951662,-0.98895,0.22432797771957716,50
Spiegel Online,Israeli_Womens_Protests_2023,False,-0.947738,-0.9823,0.19720760209091578,50
Die Tageszeitung (taz),Sarah_Everard_Vigils_2021,False,-0.94027,-0.9865,0.16861041831175588,50
Spiegel Online,Sarah_Everard_Vigils_2021,False,-0.925784,-0.9864,0.2895150176641295,50
Frankfurter Allgemeine Zeitung,Roe_Leak_Protests_2022,False,-0.922234,-0.9864,0.2030516980616372,50
The Gateway Pundit,Sarah_Everard_Vigils_2021,False,-0.9132499999999999,-0.9132499999999999,0.056356410460567795,2
Spiegel Online,Polish_Womens_Strike_2020,False,-0.885382,-0.98245,0.3667364591715886,50
Deutsche Welle,Roe_Leak_Protests_2022,False,-0.666036,-0.9658500000000001,0.4450515891948909,50
Deutsche Welle,Women_Life_Freedom_2022,False,-0.64532,-0.9642,0.48413561643618075,50
The Washington Times,Swiss_Womens_Strike_2019,False,-0.6256520000000001,-0.9403,0.6077142666532336,50
Voice Of America,Women_Life_Freedom_2022,False,-0.571508,-0.9114,0.6595834584874033,50
The Sun,MeToo_Protests_2017,False,-0.48209047619047624,-0.9324,0.7439422456782259,21
The Washington Times,Sarah_Everard_Vigils_2021,False,-0.47592399999999996,-0.8953,0.7306410887958156,50
The Washington Times,Polish_Womens_Strike_2020,False,-0.453828,-0.8789,0.7198067802074757,50
The Intercept,Roe_Leak_Protests_2022,False,-0.4264071428571428,-0.5267,0.4496439642210707,14
Fox News,IWD_2018_Global,False,-0.298344,-0.7478,0.7729192011419289,50
Fox News,MeToo_Protests_2017,False,-0.27145199999999997,-0.7347,0.8096012019632927,50
The BBC,Sarah_Everard_Vigils_2021,False,-0.26957000000000003,-0.6027,0.768813144212744,50
The Sun,Sarah_Everard_Vigils_2021,False,-0.26561,-0.91745,0.9150127326536869,50
The BBC,Polish_Womens_Strike_2020,False,-0.262078,-0.273,0.6749812448762513,50
Voice Of America,Roe_Leak_Protests_2022,False,-0.25648,-0.81655,0.8368140458590181,50
The Nation,Israeli_Womens_Protests_2023,False,-0.23422,-0.8077,0.8536861795430785,15
La Vanguardia,Israeli_Womens_Protests_2023,False,-0.209186,-0.5267,0.6439314658076143,50
elDiario.es,Women_Life_Freedom_2022,False,-0.20540399999999998,-0.2841,0.5800002170865182,50
The Intercept,Women_Life_Freedom_2022,False,-0.195674,-0.528,0.78962665236587,50
Associated Press News,Sarah_Everard_Vigils_2021,False,-0.17970714285714284,-0.44005,0.8133717727547998,14
Euronews (EN),Roe_Leak_Protests_2022,False,-0.16502,-0.4655,0.8027208969295286,50
elDiario.es,Sarah_Everard_Vigils_2021,False,-0.131554,0.0,0.47167867876774083,50
Fox News,Polish_Womens_Strike_2020,False,-0.12815,-0.2949,0.7498837045209894,50
The Telegraph,International_Womens_Strike_2017,False,-0.118652,-0.52485,0.8294385357503926,50
The Intercept,Israeli_Womens_Protests_2023,False,-0.1183142857142857,-0.4215,0.7933000681301106,7
El Mundo,Israeli_Womens_Protests_2023,False,-0.09066874999999999,0.0254,0.6029870697549548,16
The Washington Times,Roe_Leak_Protests_2022,False,-0.08718,-0.18905,0.786253299009983,50
The Washington Times,Women_Life_Freedom_2022,False,-0.08366799999999999,-0.3193,0.8401691883647907,50
Associated Press News,Roe_Leak_Protests_2022,False,-0.0817888888888889,-0.6369,0.9002899178104301,9
The BBC,Roe_Leak_Protests_2022,False,-0.079436,-0.33985000000000004,0.872466242083618,50
Voice Of America,Israeli_Womens_Protests_2023,False,-0.063102,-0.1548,0.8023596840874917,50
Euronews (EN),Swiss_Womens_Strike_2019,False,-0.061610000000000005,-0.0386,0.828487506895326,50
elDiario.es,Israeli_Womens_Protests_2023,False,-0.060144,-0.064,0.6298904894001296,50
Daily Mail,Polish_Womens_Strike_2020,False,-0.05911199999999999,-0.39625,0.8378133235746394,50
Euronews (FR),Roe_Leak_Protests_2022,False,-0.05668600000000001,0.0,0.4492522145176132,50
Le Monde,Polish_Womens_Strike_2020,False,-0.055554,0.0,0.5270143386540245,50
The Washington Times,IWD_2018_Global,False,-0.052210000000000006,-0.24605,0.8115338234680382,50
Fox News,Roe_Leak_Protests_2022,False,-0.051092000000000005,-0.3056,0.8481855738514984,50
Euronews (FR),Israeli_Womens_Protests_2023,False,-0.05027,0.0,0.5116526672839452,50
The Washington Times,Israeli_Womens_Protests_2023,False,-0.045978000000000005,-0.23854999999999998,0.8664593734461259,50
El Mundo,Women_Life_Freedom_2022,False,-0.040706,-0.296,0.6246450105035167,50
Fox News,Women_Life_Freedom_2022,False,-0.036546,0.03605,0.8343082901079534,50
Le Monde,Sarah_Everard_Vigils_2021,False,-0.036328,0.0,0.5379668645588362,50
Euronews (FR),Sarah_Everard_Vigils_2021,False,-0.03609199999999999,0.0,0.4348082856165649,50
Associated Press News,Women_Life_Freedom_2022,False,-0.034185714285714264,-0.1211,0.9490561248394312,7
Fox News,Sarah_Everard_Vigils_2021,False,-0.03355400000000001,-0.01865,0.8300907605183659,50
The Telegraph,Sarah_Everard_Vigils_2021,False,-0.03170799999999999,-0.42255,0.9124807555901928,50
Associated Press News,Swiss_Womens_Strike_2019,False,-0.024150000000000005,-0.024150000000000005,1.3427250667951351,2
elDiario.es,Roe_Leak_Protests_2022,False,-0.022118000000000002,0.07715,0.5969355103752321,50
The Gateway Pundit,Israeli_Womens_Protests_2023,False,-0.02049599999999999,-0.33325,0.8639524889998172,50
The Telegraph,Roe_Leak_Protests_2022,False,-0.019430000000000006,-0.17170000000000002,0.8253052165776029,50
El Mundo,Roe_Leak_Protests_2022,False,-0.015931999999999998,0.012650000000000002,0.6449060644902688,50
elDiario.es,Polish_Womens_Strike_2020,False,-0.003100000000000007,0.0,0.5604152206996493,50
Le Monde,Women_Life_Freedom_2022,False,0.004251999999999991,0.0,0.6414538637202465,50
The BBC,Israeli_Womens_Protests_2023,False,0.0060699999999999955,0.0,0.8535552778507898,50
The Nation,Polish_Womens_Strike_2020,False,0.010065999999999999,0.0,0.7993160575397047,50
The Nation,Sarah_Everard_Vigils_2021,False,0.014032000000000006,0.0129,0.8096679514518054,50
Le Figaro,Israeli_Womens_Protests_2023,False,0.019091999999999994,0.0,0.4781945594309786,50
El País,Roe_Leak_Protests_2022,False,0.02003333333333333,-0.273,0.5940267423834272,6
Reuters,Women_Life_Freedom_2022,False,0.020360000000000003,0.0386,0.8301019305495204,50
Fox News,Israeli_Womens_Protests_2023,False,0.020370000000000003,0.10235000000000001,0.8559563564713294,50
The Guardian,Roe_Leak_Protests_2022,False,0.023485999999999993,0.10065,0.8176788369599919,50
Le Monde,Israeli_Womens_Protests_2023,False,0.024387999999999996,0.0258,0.6045054871005671,50
Euronews (FR),Polish_Womens_Strike_2020,False,0.0308,0.0,0.4746012345503693,50
Le Monde,Swiss_Womens_Strike_2019,False,0.03156199999999999,0.0,0.49757101344882404,50
Fox News,Swiss_Womens_Strike_2019,False,0.03552399999999999,0.31135,0.863636537439217,50
The Guardian,Sarah_Everard_Vigils_2021,False,0.035774000000000014,-0.00045,0.8539691778144823,50
Associated Press News,Israeli_Womens_Protests_2023,False,0.041796,0.0,0.6764583529301561,50
The Nation,Women_Life_Freedom_2022,False,0.04209600000000001,0.0,0.7409460273824793,50
Le Figaro,Roe_Leak_Protests_2022,False,0.045697999999999996,0.0,0.5148009393336181,50
The Independent,Israeli_Womens_Protests_2023,False,0.0473,0.22385,0.8699068613058175,50
Reuters,Roe_Leak_Protests_2022,False,0.04758399999999999,0.0129,0.7546412582932153,50
The Telegraph,Swiss_Womens_Strike_2019,False,0.050154000000000004,0.18880000000000002,0.8003837156830543,50
Euronews (EN),Polish_Womens_Strike_2020,False,0.053505999999999984,0.39994999999999997,0.8761701885769799,50
The Nation,Roe_Leak_Protests_2022,False,0.057067346938775514,0.0,0.7764162168761233,49
The Sun,Roe_Leak_Protests_2022,False,0.06017,0.38725,0.8937337863806915,50
Euronews (FR),Women_Life_Freedom_2022,False,0.06137000000000001,0.0,0.49745147943066276,50
Euronews (EN),Sarah_Everard_Vigils_2021,False,0.066162,0.40564999999999996,0.8409728103275421,50
CBC News,Women_Life_Freedom_2022,False,0.06800999999999999,0.45855,0.8522129477221676,50
Business Insider,Women_Life_Freedom_2022,False,0.07664399999999999,0.37305,0.8758837978934448,50
Washington Post,Roe_Leak_Protests_2022,False,0.08707599999999999,0.36575,0.8302407220530091,50
Le Figaro,Women_Life_Freedom_2022,False,0.096398,0.0,0.43900156918970157,50
Le Monde,Roe_Leak_Protests_2022,False,0.09961600000000001,0.0,0.5331640412113484,50
The Telegraph,Israeli_Womens_Protests_2023,False,0.10591400000000001,0.43534999999999996,0.8175945599708192,50
CBC News,Israeli_Womens_Protests_2023,False,0.110412,0.5241,0.828574815175345,50
The Telegraph,MeToo_Protests_2017,False,0.112854,0.3493,0.8313487861104668,50
Euronews (EN),Women_Life_Freedom_2022,False,0.119752,0.3389,0.8395211962026149,50
The Telegraph,IWD_2018_Global,False,0.11985,0.5866,0.8459567232743417,50
i,Roe_Leak_Protests_2022,False,0.12382200000000002,0.48695,0.8402903726227314,50
Daily Mail,Israeli_Womens_Protests_2023,False,0.127028,0.6404,0.8497855888134971,50
The Globe and Mail,Women_Life_Freedom_2022,False,0.14849,0.50375,0.8365340302555001,50
El País,Women_Life_Freedom_2022,False,0.15907500000000002,0.4696,0.7229694386118037,4
The Independent,Roe_Leak_Protests_2022,False,0.16336000000000003,0.4868,0.7939728613055966,50
The New Yorker,Women_Life_Freedom_2022,False,0.16774799999999998,0.30835,0.770716351179544,50
The Guardian,Women_Life_Freedom_2022,False,0.16851,0.68105,0.8454626670211587,50
The BBC,Women_Life_Freedom_2022,False,0.17088,0.5523,0.8397723024725213,50
The Sun,Israeli_Womens_Protests_2023,False,0.179036,0.87035,0.9205596524829839,50
Euronews (EN),Israeli_Womens_Protests_2023,False,0.185522,0.6048,0.8062744026466829,50
Washington Post,Israeli_Womens_Protests_2023,False,0.18718800000000002,0.4404,0.7202392756152469,50
Daily Mail,Women_Life_Freedom_2022,False,0.189302,0.35,0.7827204550874117,50
i,Israeli_Womens_Protests_2023,False,0.189338,0.79765,0.8800859053361942,50
Daily Mail,Roe_Leak_Protests_2022,False,0.189662,0.69055,0.8305482044740703,50
The Guardian,Israeli_Womens_Protests_2023,False,0.22031399999999998,0.65145,0.7945652385873854,50
The Telegraph,Polish_Womens_Strike_2020,False,0.22168,0.5660000000000001,0.8341951631387474,50
Washington Post,Women_Life_Freedom_2022,False,0.23398599999999997,0.46799999999999997,0.6618845318282256,50
The Telegraph,Womens_March_2017,False,0.247136,0.7935,0.8075421732235993,50
CNBC,Women_Life_Freedom_2022,False,0.25246999999999997,0.6849000000000001,0.7720515842050125,50
The Independent,Women_Life_Freedom_2022,False,0.26579200000000003,0.7076,0.8072845521239455,50
Associated Press News,Polish_Womens_Strike_2020,False,0.2723428571428571,0.6908,0.8744879775372231,7
Daily Mail,Sarah_Everard_Vigils_2021,False,0.274674,0.79835,0.8100055650627673,50
The New Yorker,Roe_Leak_Protests_2022,False,0.275056,0.58795,0.7691391676731718,50
The Sun,Women_Life_Freedom_2022,False,0.28018,0.8894500000000001,0.8488648922567845,50
Reuters,Israeli_Womens_Protests_2023,False,0.29120799999999997,0.6488,0.7198689250984857,50
The Globe and Mail,Israeli_Womens_Protests_2023,False,0.294906,0.6802999999999999,0.7541314570106867,50
CNBC,Roe_Leak_Protests_2022,False,0.294958,0.7473,0.7685461084756471,50
The New Yorker,Israeli_Womens_Protests_2023,False,0.30415000000000003,0.69685,0.719336142167604,36
Rolling Stone,Israeli_Womens_Protests_2023,False,0.320652,0.86805,0.8086819079596281,50
Business Insider,Israeli_Womens_Protests_2023,False,0.335146,0.8253,0.7947983793133853,50
Daily Mail,Swiss_Womens_Strike_2019,False,0.3383970588235294,0.5574,0.5569603960052817,34
The Sun,Polish_Womens_Strike_2020,False,0.350482,0.892,0.8029749279868645,50
CNBC,Sarah_Everard_Vigils_2021,False,0.36235,0.8732500000000001,0.7773707888564805,50
i,Sarah_Everard_Vigils_2021,False,0.41416400000000003,0.8873,0.7598843120219965,50
i,Women_Life_Freedom_2022,False,0.43215800000000004,0.9480500000000001,0.7838865893320882,50
Rolling Stone,Women_Life_Freedom_2022,False,0.44461399999999995,0.946,0.8015033985974516,50
CNBC,Israeli_Womens_Protests_2023,False,0.448504,0.85135,0.6963107856322168,50
The Globe and Mail,Roe_Leak_Protests_2022,False,0.45120400000000005,0.85685,0.7360595508738768,50
CNBC,Polish_Womens_Strike_2020,False,0.457278,0.7866,0.6718636785593837,50
i,Polish_Womens_Strike_2020,False,0.47617800000000005,0.95175,0.7890096479816727,50
The Telegraph,Women_Life_Freedom_2022,False,0.504702,0.91365,0.7338328543743348,50
The Sun,Swiss_Womens_Strike_2019,False,0.5185200000000001,0.933,0.75488706115686,50
Business Insider,Roe_Leak_Protests_2022,False,0.5197959999999999,0.8944,0.7039761431950339,50
Daily Mail,International_Womens_Strike_2017,False,0.53321875,0.7079,0.4505527719276252,16
Daily Mail,MeToo_Protests_2017,False,0.5405058823529412,0.8176,0.5266490891364336,17
CNBC,Swiss_Womens_Strike_2019,False,0.555702,0.90335,0.6535724675994864,50
Daily Mail,Womens_March_2017,False,0.5690826086956521,0.7003,0.4164906575970374,23
Business Insider,Sarah_Everard_Vigils_2021,False,0.5781459999999999,0.9186000000000001,0.6357546202966766,50
Business Insider,Polish_Womens_Strike_2020,False,0.628598,0.96355,0.6259421856624113,50
CBC News,Roe_Leak_Protests_2022,False,0.7404,0.9371,0.5856642148023046,9
Daily Mail,IWD_2018_Global,False,0.8523217391304349,0.905,0.1495376752665049,23
