event_label,is_control,topic_label,n_articles,total_articles,topic_share_pct
IWD_2018_Global,False,"Abortion, Election, Labour",29,184,15.76
IWD_2018_Global,False,"Appeals, Church england, Planet",1,184,0.54
IWD_2018_Global,False,"Asian, Schools, Students",15,184,8.15
IWD_2018_Global,False,"Best online, Classes, Oxford",2,184,1.09
IWD_2018_Global,False,"Biden, Death, France",58,184,31.52
IWD_2018_Global,False,"Boat, Border, Migrants",3,184,1.63
IWD_2018_Global,False,"Cancer, Fire, Nhs",3,184,1.63
IWD_2018_Global,False,"Carl, Comic relief, Katie",5,184,2.72
IWD_2018_Global,False,"Cia, Jet, Spy",5,184,2.72
IWD_2018_Global,False,"Climate change, Fiona, Hurricane",2,184,1.09
IWD_2018_Global,False,"Coffee, Daily, Walk",2,184,1.09
IWD_2018_Global,False,"Draft, Nba, Rangers",1,184,0.54
IWD_2018_Global,False,"Earnings, Earnings snapshot, Stocks",6,184,3.26
IWD_2018_Global,False,"Elon musk, Tiktok, Twitter",1,184,0.54
IWD_2018_Global,False,"Gift, Halloween, Star sign",2,184,1.09
IWD_2018_Global,False,"Guerre, Krieg, Ukraine",8,184,4.35
IWD_2018_Global,False,"Harvey, Sentenced, Teen",4,184,2.17
IWD_2018_Global,False,"Launch, Nasa, Rocket",1,184,0.54
IWD_2018_Global,False,"Lisa, Mario batali, Sexual misconduct",1,184,0.54
IWD_2018_Global,False,"Liverpool, Transfer, Utd",22,184,11.96
IWD_2018_Global,False,"Missile, North korea, Taiwan",2,184,1.09
IWD_2018_Global,False,"Nato, Putin, Russians",1,184,0.54
IWD_2018_Global,False,"Plague, Pollen, Spring",10,184,5.43
International_Womens_Strike_2017,False,"Abortion, Election, Labour",9,66,13.64
International_Womens_Strike_2017,False,"Appeals, Church england, Planet",1,66,1.52
International_Womens_Strike_2017,False,"Asian, Schools, Students",2,66,3.03
International_Womens_Strike_2017,False,"Biden, Death, France",18,66,27.27
International_Womens_Strike_2017,False,"Bill gates, Coronavirus, Vaccine",1,66,1.52
International_Womens_Strike_2017,False,"Boat, Border, Migrants",3,66,4.55
International_Womens_Strike_2017,False,"Carl, Comic relief, Katie",1,66,1.52
International_Womens_Strike_2017,False,"Cia, Jet, Spy",1,66,1.52
International_Womens_Strike_2017,False,"Collision, Driver, Truck",2,66,3.03
International_Womens_Strike_2017,False,"Earnings, Earnings snapshot, Stocks",9,66,13.64
International_Womens_Strike_2017,False,"Elon musk, Tiktok, Twitter",3,66,4.55
International_Womens_Strike_2017,False,"Guerre, Krieg, Ukraine",2,66,3.03
International_Womens_Strike_2017,False,"Harvey, Sentenced, Teen",2,66,3.03
International_Womens_Strike_2017,False,"Lifts sail, Ships, Warming",1,66,1.52
International_Womens_Strike_2017,False,"Lisa, Mario batali, Sexual misconduct",2,66,3.03
International_Womens_Strike_2017,False,"Liverpool, Transfer, Utd",8,66,12.12
International_Womens_Strike_2017,False,"Plague, Pollen, Spring",1,66,1.52
Israeli_Womens_Protests_2023,False,"Abortion, Election, Labour",116,1568,7.4
Israeli_Womens_Protests_2023,False,"Appeals, Church england, Planet",1,1568,0.06
Israeli_Womens_Protests_2023,False,"Asian, Schools, Students",9,1568,0.57
Israeli_Womens_Protests_2023,False,"Best online, Classes, Oxford",3,1568,0.19
Israeli_Womens_Protests_2023,False,"Biden, Death, France",447,1568,28.51
Israeli_Womens_Protests_2023,False,"Bill gates, Coronavirus, Vaccine",14,1568,0.89
Israeli_Womens_Protests_2023,False,"Boat, Border, Migrants",12,1568,0.77
Israeli_Womens_Protests_2023,False,"Cancels, Floyd, John",2,1568,0.13
Israeli_Womens_Protests_2023,False,"Cancer, Fire, Nhs",24,1568,1.53
Israeli_Womens_Protests_2023,False,"Carl, Comic relief, Katie",90,1568,5.74
Israeli_Womens_Protests_2023,False,"Cia, Jet, Spy",14,1568,0.89
Israeli_Womens_Protests_2023,False,"Climate change, Fiona, Hurricane",35,1568,2.23
Israeli_Womens_Protests_2023,False,"Coffee, Daily, Walk",6,1568,0.38
Israeli_Womens_Protests_2023,False,"Collision, Driver, Truck",6,1568,0.38
Israeli_Womens_Protests_2023,False,"Draft, Nba, Rangers",31,1568,1.98
Israeli_Womens_Protests_2023,False,"Earnings, Earnings snapshot, Stocks",136,1568,8.67
Israeli_Womens_Protests_2023,False,"Elon musk, Tiktok, Twitter",46,1568,2.93
Israeli_Womens_Protests_2023,False,"Gift, Halloween, Star sign",10,1568,0.64
Israeli_Womens_Protests_2023,False,"Guerre, Krieg, Ukraine",373,1568,23.79
Israeli_Womens_Protests_2023,False,"Harvey, Sentenced, Teen",35,1568,2.23
Israeli_Womens_Protests_2023,False,"Launch, Nasa, Rocket",4,1568,0.26
Israeli_Womens_Protests_2023,False,"Lifts sail, Ships, Warming",7,1568,0.45
Israeli_Womens_Protests_2023,False,"Lisa, Mario batali, Sexual misconduct",9,1568,0.57
Israeli_Womens_Protests_2023,False,"Liverpool, Transfer, Utd",62,1568,3.95
Israeli_Womens_Protests_2023,False,"Meloni, Nigeria, Philippines",17,1568,1.08
Israeli_Womens_Protests_2023,False,"Missile, North korea, Taiwan",16,1568,1.02
Israeli_Womens_Protests_2023,False,"Nato, Putin, Russians",36,1568,2.3
Israeli_Womens_Protests_2023,False,"Plague, Pollen, Spring",7,1568,0.45
MeToo_Protests_2017,False,"Abortion, Election, Labour",5,139,3.6
MeToo_Protests_2017,False,"Biden, Death, France",47,139,33.81
MeToo_Protests_2017,False,"Boat, Border, Migrants",1,139,0.72
MeToo_Protests_2017,False,"Cancer, Fire, Nhs",2,139,1.44
MeToo_Protests_2017,False,"Carl, Comic relief, Katie",11,139,7.91
MeToo_Protests_2017,False,"Cia, Jet, Spy",1,139,0.72
MeToo_Protests_2017,False,"Climate change, Fiona, Hurricane",3,139,2.16
MeToo_Protests_2017,False,"Draft, Nba, Rangers",15,139,10.79
MeToo_Protests_2017,False,"Earnings, Earnings snapshot, Stocks",4,139,2.88
MeToo_Protests_2017,False,"Elon musk, Tiktok, Twitter",1,139,0.72
MeToo_Protests_2017,False,"Gift, Halloween, Star sign",3,139,2.16
MeToo_Protests_2017,False,"Guerre, Krieg, Ukraine",3,139,2.16
MeToo_Protests_2017,False,"Harvey, Sentenced, Teen",14,139,10.07
MeToo_Protests_2017,False,"Lifts sail, Ships, Warming",1,139,0.72
MeToo_Protests_2017,False,"Liverpool, Transfer, Utd",19,139,13.67
MeToo_Protests_2017,False,"Missile, North korea, Taiwan",6,139,4.32
MeToo_Protests_2017,False,"Nato, Putin, Russians",1,139,0.72
MeToo_Protests_2017,False,"Plague, Pollen, Spring",2,139,1.44
Polish_Womens_Strike_2020,False,"Abortion, Election, Labour",83,902,9.2
Polish_Womens_Strike_2020,False,"Appeals, Church england, Planet",5,902,0.55
Polish_Womens_Strike_2020,False,"Asian, Schools, Students",2,902,0.22
Polish_Womens_Strike_2020,False,"Best online, Classes, Oxford",9,902,1.0
Polish_Womens_Strike_2020,False,"Biden, Death, France",297,902,32.93
Polish_Womens_Strike_2020,False,"Bill gates, Coronavirus, Vaccine",52,902,5.76
Polish_Womens_Strike_2020,False,"Boat, Border, Migrants",9,902,1.0
Polish_Womens_Strike_2020,False,"Cancer, Fire, Nhs",3,902,0.33
Polish_Womens_Strike_2020,False,"Carl, Comic relief, Katie",30,902,3.33
Polish_Womens_Strike_2020,False,"Cia, Jet, Spy",1,902,0.11
Polish_Womens_Strike_2020,False,"Climate change, Fiona, Hurricane",4,902,0.44
Polish_Womens_Strike_2020,False,"Collision, Driver, Truck",4,902,0.44
Polish_Womens_Strike_2020,False,"Draft, Nba, Rangers",4,902,0.44
Polish_Womens_Strike_2020,False,"Earnings, Earnings snapshot, Stocks",48,902,5.32
Polish_Womens_Strike_2020,False,"Elon musk, Tiktok, Twitter",20,902,2.22
Polish_Womens_Strike_2020,False,"Gift, Halloween, Star sign",22,902,2.44
Polish_Womens_Strike_2020,False,"Guerre, Krieg, Ukraine",234,902,25.94
Polish_Womens_Strike_2020,False,"Harvey, Sentenced, Teen",27,902,2.99
Polish_Womens_Strike_2020,False,"Lifts sail, Ships, Warming",4,902,0.44
Polish_Womens_Strike_2020,False,"Lisa, Mario batali, Sexual misconduct",1,902,0.11
Polish_Womens_Strike_2020,False,"Liverpool, Transfer, Utd",27,902,2.99
Polish_Womens_Strike_2020,False,"Meloni, Nigeria, Philippines",5,902,0.55
Polish_Womens_Strike_2020,False,"Missile, North korea, Taiwan",5,902,0.55
Polish_Womens_Strike_2020,False,"Nato, Putin, Russians",2,902,0.22
Polish_Womens_Strike_2020,False,"Plague, Pollen, Spring",4,902,0.44
Roe_Leak_Protests_2022,False,"Abortion, Election, Labour",123,1426,8.63
Roe_Leak_Protests_2022,False,"Appeals, Church england, Planet",3,1426,0.21
Roe_Leak_Protests_2022,False,"Asian, Schools, Students",10,1426,0.7
Roe_Leak_Protests_2022,False,"Best online, Classes, Oxford",3,1426,0.21
Roe_Leak_Protests_2022,False,"Biden, Death, France",403,1426,28.26
Roe_Leak_Protests_2022,False,"Bill gates, Coronavirus, Vaccine",27,1426,1.89
Roe_Leak_Protests_2022,False,"Boat, Border, Migrants",17,1426,1.19
Roe_Leak_Protests_2022,False,"Cancer, Fire, Nhs",10,1426,0.7
Roe_Leak_Protests_2022,False,"Carl, Comic relief, Katie",60,1426,4.21
Roe_Leak_Protests_2022,False,"Cia, Jet, Spy",17,1426,1.19
Roe_Leak_Protests_2022,False,"Climate change, Fiona, Hurricane",24,1426,1.68
Roe_Leak_Protests_2022,False,"Coffee, Daily, Walk",2,1426,0.14
Roe_Leak_Protests_2022,False,"Collision, Driver, Truck",3,1426,0.21
Roe_Leak_Protests_2022,False,"Draft, Nba, Rangers",27,1426,1.89
Roe_Leak_Protests_2022,False,"Earnings, Earnings snapshot, Stocks",76,1426,5.33
Roe_Leak_Protests_2022,False,"Elon musk, Tiktok, Twitter",44,1426,3.09
Roe_Leak_Protests_2022,False,"Expert, Killer, Medium",1,1426,0.07
Roe_Leak_Protests_2022,False,"Gift, Halloween, Star sign",8,1426,0.56
Roe_Leak_Protests_2022,False,"Guerre, Krieg, Ukraine",366,1426,25.67
Roe_Leak_Protests_2022,False,"Harvey, Sentenced, Teen",30,1426,2.1
Roe_Leak_Protests_2022,False,"Launch, Nasa, Rocket",4,1426,0.28
Roe_Leak_Protests_2022,False,"Lifts sail, Ships, Warming",1,1426,0.07
Roe_Leak_Protests_2022,False,"Lisa, Mario batali, Sexual misconduct",9,1426,0.63
Roe_Leak_Protests_2022,False,"Liverpool, Transfer, Utd",69,1426,4.84
Roe_Leak_Protests_2022,False,"Meloni, Nigeria, Philippines",18,1426,1.26
Roe_Leak_Protests_2022,False,"Missile, North korea, Taiwan",15,1426,1.05
Roe_Leak_Protests_2022,False,"Nato, Putin, Russians",47,1426,3.3
Roe_Leak_Protests_2022,False,"Plague, Pollen, Spring",9,1426,0.63
Sarah_Everard_Vigils_2021,False,"Abortion, Election, Labour",74,1011,7.32
Sarah_Everard_Vigils_2021,False,"Appeals, Church england, Planet",1,1011,0.1
Sarah_Everard_Vigils_2021,False,"Asian, Schools, Students",16,1011,1.58
Sarah_Everard_Vigils_2021,False,"Best online, Classes, Oxford",3,1011,0.3
Sarah_Everard_Vigils_2021,False,"Biden, Death, France",341,1011,33.73
Sarah_Everard_Vigils_2021,False,"Bill gates, Coronavirus, Vaccine",75,1011,7.42
Sarah_Everard_Vigils_2021,False,"Boat, Border, Migrants",6,1011,0.59
Sarah_Everard_Vigils_2021,False,"Cancels, Floyd, John",1,1011,0.1
Sarah_Everard_Vigils_2021,False,"Cancer, Fire, Nhs",2,1011,0.2
Sarah_Everard_Vigils_2021,False,"Carl, Comic relief, Katie",78,1011,7.72
Sarah_Everard_Vigils_2021,False,"Chocolate, Puff, Warm",5,1011,0.49
Sarah_Everard_Vigils_2021,False,"Cia, Jet, Spy",3,1011,0.3
Sarah_Everard_Vigils_2021,False,"Climate change, Fiona, Hurricane",9,1011,0.89
Sarah_Everard_Vigils_2021,False,"Collision, Driver, Truck",2,1011,0.2
Sarah_Everard_Vigils_2021,False,"Draft, Nba, Rangers",20,1011,1.98
Sarah_Everard_Vigils_2021,False,"Earnings, Earnings snapshot, Stocks",42,1011,4.15
Sarah_Everard_Vigils_2021,False,"Elon musk, Tiktok, Twitter",14,1011,1.38
Sarah_Everard_Vigils_2021,False,"Expert, Killer, Medium",2,1011,0.2
Sarah_Everard_Vigils_2021,False,"Gift, Halloween, Star sign",1,1011,0.1
Sarah_Everard_Vigils_2021,False,"Guerre, Krieg, Ukraine",225,1011,22.26
Sarah_Everard_Vigils_2021,False,"Harvey, Sentenced, Teen",28,1011,2.77
Sarah_Everard_Vigils_2021,False,"Launch, Nasa, Rocket",1,1011,0.1
Sarah_Everard_Vigils_2021,False,"Lifts sail, Ships, Warming",1,1011,0.1
Sarah_Everard_Vigils_2021,False,"Lisa, Mario batali, Sexual misconduct",1,1011,0.1
Sarah_Everard_Vigils_2021,False,"Liverpool, Transfer, Utd",32,1011,3.17
Sarah_Everard_Vigils_2021,False,"Meloni, Nigeria, Philippines",1,1011,0.1
Sarah_Everard_Vigils_2021,False,"Missile, North korea, Taiwan",14,1011,1.38
Sarah_Everard_Vigils_2021,False,"Nato, Putin, Russians",6,1011,0.59
Sarah_Everard_Vigils_2021,False,"Plague, Pollen, Spring",7,1011,0.69
Swiss_Womens_Strike_2019,False,"Abortion, Election, Labour",22,536,4.1
Swiss_Womens_Strike_2019,False,"Appeals, Church england, Planet",1,536,0.19
Swiss_Womens_Strike_2019,False,"Asian, Schools, Students",6,536,1.12
Swiss_Womens_Strike_2019,False,"Biden, Death, France",194,536,36.19
Swiss_Womens_Strike_2019,False,"Boat, Border, Migrants",10,536,1.87
Swiss_Womens_Strike_2019,False,"Cancer, Fire, Nhs",4,536,0.75
Swiss_Womens_Strike_2019,False,"Carl, Comic relief, Katie",17,536,3.17
Swiss_Womens_Strike_2019,False,"Cia, Jet, Spy",6,536,1.12
Swiss_Womens_Strike_2019,False,"Climate change, Fiona, Hurricane",8,536,1.49
Swiss_Womens_Strike_2019,False,"Draft, Nba, Rangers",5,536,0.93
Swiss_Womens_Strike_2019,False,"Earnings, Earnings snapshot, Stocks",30,536,5.6
Swiss_Womens_Strike_2019,False,"Elon musk, Tiktok, Twitter",8,536,1.49
Swiss_Womens_Strike_2019,False,"Gift, Halloween, Star sign",3,536,0.56
Swiss_Womens_Strike_2019,False,"Guerre, Krieg, Ukraine",127,536,23.69
Swiss_Womens_Strike_2019,False,"Harvey, Sentenced, Teen",15,536,2.8
Swiss_Womens_Strike_2019,False,"Launch, Nasa, Rocket",2,536,0.37
Swiss_Womens_Strike_2019,False,"Lifts sail, Ships, Warming",2,536,0.37
Swiss_Womens_Strike_2019,False,"Lisa, Mario batali, Sexual misconduct",1,536,0.19
Swiss_Womens_Strike_2019,False,"Liverpool, Transfer, Utd",59,536,11.01
Swiss_Womens_Strike_2019,False,"Meloni, Nigeria, Philippines",1,536,0.19
Swiss_Womens_Strike_2019,False,"Missile, North korea, Taiwan",7,536,1.31
Swiss_Womens_Strike_2019,False,"Nato, Putin, Russians",6,536,1.12
Swiss_Womens_Strike_2019,False,"Plague, Pollen, Spring",2,536,0.37
Women_Life_Freedom_2022,False,"Abortion, Election, Labour",113,1546,7.31
Women_Life_Freedom_2022,False,"Appeals, Church england, Planet",3,1546,0.19
Women_Life_Freedom_2022,False,"Asian, Schools, Students",8,1546,0.52
Women_Life_Freedom_2022,False,"Best online, Classes, Oxford",2,1546,0.13
Women_Life_Freedom_2022,False,"Biden, Death, France",386,1546,24.97
Women_Life_Freedom_2022,False,"Bill gates, Coronavirus, Vaccine",10,1546,0.65
Women_Life_Freedom_2022,False,"Boat, Border, Migrants",23,1546,1.49
Women_Life_Freedom_2022,False,"Cancels, Floyd, John",9,1546,0.58
Women_Life_Freedom_2022,False,"Cancer, Fire, Nhs",11,1546,0.71
Women_Life_Freedom_2022,False,"Carl, Comic relief, Katie",79,1546,5.11
Women_Life_Freedom_2022,False,"Cia, Jet, Spy",19,1546,1.23
Women_Life_Freedom_2022,False,"Climate change, Fiona, Hurricane",49,1546,3.17
Women_Life_Freedom_2022,False,"Coffee, Daily, Walk",2,1546,0.13
Women_Life_Freedom_2022,False,"Collision, Driver, Truck",4,1546,0.26
Women_Life_Freedom_2022,False,"Draft, Nba, Rangers",75,1546,4.85
Women_Life_Freedom_2022,False,"Earnings, Earnings snapshot, Stocks",104,1546,6.73
Women_Life_Freedom_2022,False,"Elon musk, Tiktok, Twitter",12,1546,0.78
Women_Life_Freedom_2022,False,"Expert, Killer, Medium",2,1546,0.13
Women_Life_Freedom_2022,False,"Gift, Halloween, Star sign",11,1546,0.71
Women_Life_Freedom_2022,False,"Guerre, Krieg, Ukraine",387,1546,25.03
Women_Life_Freedom_2022,False,"Harvey, Sentenced, Teen",23,1546,1.49
Women_Life_Freedom_2022,False,"Launch, Nasa, Rocket",13,1546,0.84
Women_Life_Freedom_2022,False,"Lifts sail, Ships, Warming",1,1546,0.06
Women_Life_Freedom_2022,False,"Lisa, Mario batali, Sexual misconduct",3,1546,0.19
Women_Life_Freedom_2022,False,"Liverpool, Transfer, Utd",77,1546,4.98
Women_Life_Freedom_2022,False,"Meloni, Nigeria, Philippines",29,1546,1.88
Women_Life_Freedom_2022,False,"Missile, North korea, Taiwan",25,1546,1.62
Women_Life_Freedom_2022,False,"Nato, Putin, Russians",58,1546,3.75
Women_Life_Freedom_2022,False,"Plague, Pollen, Spring",8,1546,0.52
Womens_March_2017,False,"Abortion, Election, Labour",10,76,13.16
Womens_March_2017,False,"Biden, Death, France",23,76,30.26
Womens_March_2017,False,"Boat, Border, Migrants",3,76,3.95
Womens_March_2017,False,"Cancer, Fire, Nhs",1,76,1.32
Womens_March_2017,False,"Carl, Comic relief, Katie",1,76,1.32
Womens_March_2017,False,"Cia, Jet, Spy",2,76,2.63
Womens_March_2017,False,"Earnings, Earnings snapshot, Stocks",1,76,1.32
Womens_March_2017,False,"Harvey, Sentenced, Teen",1,76,1.32
Womens_March_2017,False,"Liverpool, Transfer, Utd",33,76,43.42
Womens_March_2017,False,"Nato, Putin, Russians",1,76,1.32
