publisher,event_label,n_articles,flag_low_coverage,section,language,pct,n_protest,n_control,ratio_protest_to_control,flag_imbalanced,ideology_score,ideology_bin
Associated Press News,Israeli_Womens_Protests_2023,42.0,False,A_coverage_completeness,,,,,,,,
Associated Press News,Polish_Womens_Strike_2020,1.0,True,A_coverage_completeness,,,,,,,,
Associated Press News,Roe_Leak_Protests_2022,5.0,False,A_coverage_completeness,,,,,,,,
Associated Press News,Sarah_Everard_Vigils_2021,12.0,False,A_coverage_completeness,,,,,,,,
Associated Press News,Swiss_Womens_Strike_2019,1.0,True,A_coverage_completeness,,,,,,,,
Associated Press News,Women_Life_Freedom_2022,6.0,False,A_coverage_completeness,,,,,,,,
Business Insider,CONTROL_International_Womens_Strike_2017_2024,50.0,False,A_coverage_completeness,,,,,,,,
Business Insider,Israeli_Womens_Protests_2023,37.0,False,A_coverage_completeness,,,,,,,,
Business Insider,Polish_Womens_Strike_2020,41.0,False,A_coverage_completeness,,,,,,,,
Business Insider,Roe_Leak_Protests_2022,37.0,False,A_coverage_completeness,,,,,,,,
Business Insider,Sarah_Everard_Vigils_2021,36.0,False,A_coverage_completeness,,,,,,,,
Business Insider,Women_Life_Freedom_2022,32.0,False,A_coverage_completeness,,,,,,,,
CBC News,Israeli_Womens_Protests_2023,30.0,False,A_coverage_completeness,,,,,,,,
CBC News,Roe_Leak_Protests_2022,7.0,False,A_coverage_completeness,,,,,,,,
CBC News,Women_Life_Freedom_2022,37.0,False,A_coverage_completeness,,,,,,,,
CNBC,CONTROL_International_Womens_Strike_2017_2024,50.0,False,A_coverage_completeness,,,,,,,,
CNBC,Israeli_Womens_Protests_2023,36.0,False,A_coverage_completeness,,,,,,,,
CNBC,Polish_Womens_Strike_2020,33.0,False,A_coverage_completeness,,,,,,,,
CNBC,Roe_Leak_Protests_2022,31.0,False,A_coverage_completeness,,,,,,,,
CNBC,Sarah_Everard_Vigils_2021,38.0,False,A_coverage_completeness,,,,,,,,
CNBC,Swiss_Womens_Strike_2019,34.0,False,A_coverage_completeness,,,,,,,,
CNBC,Women_Life_Freedom_2022,38.0,False,A_coverage_completeness,,,,,,,,
Daily Mail,CONTROL_International_Womens_Strike_2017_2024,50.0,False,A_coverage_completeness,,,,,,,,
Daily Mail,CONTROL_MeToo_Protests_2017_2024,50.0,False,A_coverage_completeness,,,,,,,,
Daily Mail,CONTROL_Polish_Womens_Strike_2020_2024,50.0,False,A_coverage_completeness,,,,,,,,
Daily Mail,IWD_2018_Global,21.0,False,A_coverage_completeness,,,,,,,,
Daily Mail,International_Womens_Strike_2017,13.0,False,A_coverage_completeness,,,,,,,,
Daily Mail,Israeli_Womens_Protests_2023,38.0,False,A_coverage_completeness,,,,,,,,
Daily Mail,MeToo_Protests_2017,16.0,False,A_coverage_completeness,,,,,,,,
Daily Mail,Polish_Womens_Strike_2020,25.0,False,A_coverage_completeness,,,,,,,,
Daily Mail,Roe_Leak_Protests_2022,42.0,False,A_coverage_completeness,,,,,,,,
Daily Mail,Sarah_Everard_Vigils_2021,32.0,False,A_coverage_completeness,,,,,,,,
Daily Mail,Swiss_Womens_Strike_2019,23.0,False,A_coverage_completeness,,,,,,,,
Daily Mail,Women_Life_Freedom_2022,36.0,False,A_coverage_completeness,,,,,,,,
Daily Mail,Womens_March_2017,22.0,False,A_coverage_completeness,,,,,,,,
Deutsche Welle,CONTROL_International_Womens_Strike_2017_2024,50.0,False,A_coverage_completeness,,,,,,,,
Deutsche Welle,CONTROL_MeToo_Protests_2017_2024,50.0,False,A_coverage_completeness,,,,,,,,
Deutsche Welle,CONTROL_Polish_Womens_Strike_2020_2024,50.0,False,A_coverage_completeness,,,,,,,,
Deutsche Welle,Israeli_Womens_Protests_2023,34.0,False,A_coverage_completeness,,,,,,,,
Deutsche Welle,Polish_Womens_Strike_2020,31.0,False,A_coverage_completeness,,,,,,,,
Deutsche Welle,Roe_Leak_Protests_2022,33.0,False,A_coverage_completeness,,,,,,,,
Deutsche Welle,Sarah_Everard_Vigils_2021,33.0,False,A_coverage_completeness,,,,,,,,
Deutsche Welle,Swiss_Womens_Strike_2019,35.0,False,A_coverage_completeness,,,,,,,,
Deutsche Welle,Women_Life_Freedom_2022,33.0,False,A_coverage_completeness,,,,,,,,
Die Tageszeitung (taz),CONTROL_International_Womens_Strike_2017_2024,50.0,False,A_coverage_completeness,,,,,,,,
Die Tageszeitung (taz),CONTROL_MeToo_Protests_2017_2024,50.0,False,A_coverage_completeness,,,,,,,,
Die Tageszeitung (taz),CONTROL_Polish_Womens_Strike_2020_2024,50.0,False,A_coverage_completeness,,,,,,,,
Die Tageszeitung (taz),Israeli_Womens_Protests_2023,33.0,False,A_coverage_completeness,,,,,,,,
Die Tageszeitung (taz),Polish_Womens_Strike_2020,39.0,False,A_coverage_completeness,,,,,,,,
Die Tageszeitung (taz),Roe_Leak_Protests_2022,29.0,False,A_coverage_completeness,,,,,,,,
Die Tageszeitung (taz),Sarah_Everard_Vigils_2021,37.0,False,A_coverage_completeness,,,,,,,,
Die Tageszeitung (taz),Women_Life_Freedom_2022,37.0,False,A_coverage_completeness,,,,,,,,
Die Zeit,IWD_2018_Global,5.0,False,A_coverage_completeness,,,,,,,,
Die Zeit,Swiss_Womens_Strike_2019,35.0,False,A_coverage_completeness,,,,,,,,
El Mundo,CONTROL_International_Womens_Strike_2017_2024,50.0,False,A_coverage_completeness,,,,,,,,
El Mundo,Israeli_Womens_Protests_2023,16.0,False,A_coverage_completeness,,,,,,,,
El Mundo,Roe_Leak_Protests_2022,49.0,False,A_coverage_completeness,,,,,,,,
El Mundo,Women_Life_Freedom_2022,50.0,False,A_coverage_completeness,,,,,,,,
El País,Roe_Leak_Protests_2022,6.0,False,A_coverage_completeness,,,,,,,,
El País,Women_Life_Freedom_2022,3.0,True,A_coverage_completeness,,,,,,,,
Euronews (EN),CONTROL_International_Womens_Strike_2017_2024,50.0,False,A_coverage_completeness,,,,,,,,
Euronews (EN),Israeli_Womens_Protests_2023,39.0,False,A_coverage_completeness,,,,,,,,
Euronews (EN),Polish_Womens_Strike_2020,29.0,False,A_coverage_completeness,,,,,,,,
Euronews (EN),Roe_Leak_Protests_2022,32.0,False,A_coverage_completeness,,,,,,,,
Euronews (EN),Sarah_Everard_Vigils_2021,30.0,False,A_coverage_completeness,,,,,,,,
Euronews (EN),Swiss_Womens_Strike_2019,30.0,False,A_coverage_completeness,,,,,,,,
Euronews (EN),Women_Life_Freedom_2022,41.0,False,A_coverage_completeness,,,,,,,,
Euronews (FR),CONTROL_International_Womens_Strike_2017_2024,50.0,False,A_coverage_completeness,,,,,,,,
Euronews (FR),Israeli_Womens_Protests_2023,28.0,False,A_coverage_completeness,,,,,,,,
Euronews (FR),Polish_Womens_Strike_2020,27.0,False,A_coverage_completeness,,,,,,,,
Euronews (FR),Roe_Leak_Protests_2022,34.0,False,A_coverage_completeness,,,,,,,,
Euronews (FR),Sarah_Everard_Vigils_2021,31.0,False,A_coverage_completeness,,,,,,,,
Euronews (FR),Women_Life_Freedom_2022,34.0,False,A_coverage_completeness,,,,,,,,
Fox News,CONTROL_International_Womens_Strike_2017_2024,50.0,False,A_coverage_completeness,,,,,,,,
Fox News,CONTROL_MeToo_Protests_2017_2024,50.0,False,A_coverage_completeness,,,,,,,,
Fox News,CONTROL_Polish_Womens_Strike_2020_2024,50.0,False,A_coverage_completeness,,,,,,,,
Fox News,IWD_2018_Global,31.0,False,A_coverage_completeness,,,,,,,,
Fox News,Israeli_Womens_Protests_2023,31.0,False,A_coverage_completeness,,,,,,,,
Fox News,MeToo_Protests_2017,32.0,False,A_coverage_completeness,,,,,,,,
Fox News,Polish_Womens_Strike_2020,23.0,False,A_coverage_completeness,,,,,,,,
Fox News,Roe_Leak_Protests_2022,36.0,False,A_coverage_completeness,,,,,,,,
Fox News,Sarah_Everard_Vigils_2021,33.0,False,A_coverage_completeness,,,,,,,,
Fox News,Swiss_Womens_Strike_2019,27.0,False,A_coverage_completeness,,,,,,,,
Fox News,Women_Life_Freedom_2022,44.0,False,A_coverage_completeness,,,,,,,,
Frankfurter Allgemeine Zeitung,Israeli_Womens_Protests_2023,35.0,False,A_coverage_completeness,,,,,,,,
Frankfurter Allgemeine Zeitung,Polish_Womens_Strike_2020,43.0,False,A_coverage_completeness,,,,,,,,
Frankfurter Allgemeine Zeitung,Roe_Leak_Protests_2022,33.0,False,A_coverage_completeness,,,,,,,,
Frankfurter Allgemeine Zeitung,Sarah_Everard_Vigils_2021,32.0,False,A_coverage_completeness,,,,,,,,
Frankfurter Allgemeine Zeitung,Swiss_Womens_Strike_2019,33.0,False,A_coverage_completeness,,,,,,,,
Frankfurter Allgemeine Zeitung,Women_Life_Freedom_2022,35.0,False,A_coverage_completeness,,,,,,,,
La Vanguardia,CONTROL_International_Womens_Strike_2017_2024,50.0,False,A_coverage_completeness,,,,,,,,
La Vanguardia,CONTROL_MeToo_Protests_2017_2024,50.0,False,A_coverage_completeness,,,,,,,,
La Vanguardia,CONTROL_Polish_Womens_Strike_2020_2024,50.0,False,A_coverage_completeness,,,,,,,,
La Vanguardia,Israeli_Womens_Protests_2023,46.0,False,A_coverage_completeness,,,,,,,,
Le Figaro,CONTROL_International_Womens_Strike_2017_2024,50.0,False,A_coverage_completeness,,,,,,,,
Le Figaro,Israeli_Womens_Protests_2023,32.0,False,A_coverage_completeness,,,,,,,,
Le Figaro,Roe_Leak_Protests_2022,29.0,False,A_coverage_completeness,,,,,,,,
Le Figaro,Women_Life_Freedom_2022,28.0,False,A_coverage_completeness,,,,,,,,
Le Monde,Israeli_Womens_Protests_2023,30.0,False,A_coverage_completeness,,,,,,,,
Le Monde,Polish_Womens_Strike_2020,28.0,False,A_coverage_completeness,,,,,,,,
Le Monde,Roe_Leak_Protests_2022,31.0,False,A_coverage_completeness,,,,,,,,
Le Monde,Sarah_Everard_Vigils_2021,29.0,False,A_coverage_completeness,,,,,,,,
Le Monde,Swiss_Womens_Strike_2019,21.0,False,A_coverage_completeness,,,,,,,,
Le Monde,Women_Life_Freedom_2022,35.0,False,A_coverage_completeness,,,,,,,,
Los Angeles Times,CONTROL_International_Womens_Strike_2017_2024,50.0,False,A_coverage_completeness,,,,,,,,
Los Angeles Times,CONTROL_MeToo_Protests_2017_2024,50.0,False,A_coverage_completeness,,,,,,,,
Los Angeles Times,CONTROL_Polish_Womens_Strike_2020_2024,50.0,False,A_coverage_completeness,,,,,,,,
Reuters,Israeli_Womens_Protests_2023,33.0,False,A_coverage_completeness,,,,,,,,
Reuters,Roe_Leak_Protests_2022,36.0,False,A_coverage_completeness,,,,,,,,
Reuters,Women_Life_Freedom_2022,39.0,False,A_coverage_completeness,,,,,,,,
Rolling Stone,Israeli_Womens_Protests_2023,29.0,False,A_coverage_completeness,,,,,,,,
Rolling Stone,Women_Life_Freedom_2022,30.0,False,A_coverage_completeness,,,,,,,,
Spiegel Online,Israeli_Womens_Protests_2023,27.0,False,A_coverage_completeness,,,,,,,,
Spiegel Online,Polish_Womens_Strike_2020,37.0,False,A_coverage_completeness,,,,,,,,
Spiegel Online,Roe_Leak_Protests_2022,37.0,False,A_coverage_completeness,,,,,,,,
Spiegel Online,Sarah_Everard_Vigils_2021,30.0,False,A_coverage_completeness,,,,,,,,
Spiegel Online,Women_Life_Freedom_2022,34.0,False,A_coverage_completeness,,,,,,,,
Tagesschau,CONTROL_International_Womens_Strike_2017_2024,50.0,False,A_coverage_completeness,,,,,,,,
Tagesschau,CONTROL_MeToo_Protests_2017_2024,50.0,False,A_coverage_completeness,,,,,,,,
Tagesschau,CONTROL_Polish_Womens_Strike_2020_2024,50.0,False,A_coverage_completeness,,,,,,,,
Tagesschau,Israeli_Womens_Protests_2023,33.0,False,A_coverage_completeness,,,,,,,,
Tagesschau,Roe_Leak_Protests_2022,38.0,False,A_coverage_completeness,,,,,,,,
Tagesschau,Sarah_Everard_Vigils_2021,26.0,False,A_coverage_completeness,,,,,,,,
Tagesschau,Women_Life_Freedom_2022,40.0,False,A_coverage_completeness,,,,,,,,
The BBC,Israeli_Womens_Protests_2023,30.0,False,A_coverage_completeness,,,,,,,,
The BBC,Polish_Womens_Strike_2020,38.0,False,A_coverage_completeness,,,,,,,,
The BBC,Roe_Leak_Protests_2022,34.0,False,A_coverage_completeness,,,,,,,,
The BBC,Sarah_Everard_Vigils_2021,30.0,False,A_coverage_completeness,,,,,,,,
The BBC,Women_Life_Freedom_2022,33.0,False,A_coverage_completeness,,,,,,,,
The Gateway Pundit,CONTROL_International_Womens_Strike_2017_2024,50.0,False,A_coverage_completeness,,,,,,,,
The Gateway Pundit,CONTROL_MeToo_Protests_2017_2024,50.0,False,A_coverage_completeness,,,,,,,,
The Gateway Pundit,CONTROL_Polish_Womens_Strike_2020_2024,50.0,False,A_coverage_completeness,,,,,,,,
The Gateway Pundit,Israeli_Womens_Protests_2023,34.0,False,A_coverage_completeness,,,,,,,,
The Gateway Pundit,Sarah_Everard_Vigils_2021,1.0,True,A_coverage_completeness,,,,,,,,
The Globe and Mail,CONTROL_International_Womens_Strike_2017_2024,50.0,False,A_coverage_completeness,,,,,,,,
The Globe and Mail,Israeli_Womens_Protests_2023,37.0,False,A_coverage_completeness,,,,,,,,
The Globe and Mail,Roe_Leak_Protests_2022,35.0,False,A_coverage_completeness,,,,,,,,
The Globe and Mail,Women_Life_Freedom_2022,36.0,False,A_coverage_completeness,,,,,,,,
The Guardian,Israeli_Womens_Protests_2023,34.0,False,A_coverage_completeness,,,,,,,,
The Guardian,Roe_Leak_Protests_2022,36.0,False,A_coverage_completeness,,,,,,,,
The Guardian,Sarah_Everard_Vigils_2021,35.0,False,A_coverage_completeness,,,,,,,,
The Guardian,Women_Life_Freedom_2022,39.0,False,A_coverage_completeness,,,,,,,,
The Independent,CONTROL_International_Womens_Strike_2017_2024,50.0,False,A_coverage_completeness,,,,,,,,
The Independent,CONTROL_MeToo_Protests_2017_2024,50.0,False,A_coverage_completeness,,,,,,,,
The Independent,CONTROL_Polish_Womens_Strike_2020_2024,50.0,False,A_coverage_completeness,,,,,,,,
The Independent,Israeli_Womens_Protests_2023,39.0,False,A_coverage_completeness,,,,,,,,
The Independent,Roe_Leak_Protests_2022,44.0,False,A_coverage_completeness,,,,,,,,
The Independent,Women_Life_Freedom_2022,38.0,False,A_coverage_completeness,,,,,,,,
The Intercept,Israeli_Womens_Protests_2023,5.0,False,A_coverage_completeness,,,,,,,,
The Intercept,Roe_Leak_Protests_2022,12.0,False,A_coverage_completeness,,,,,,,,
The Intercept,Women_Life_Freedom_2022,34.0,False,A_coverage_completeness,,,,,,,,
The Nation,CONTROL_International_Womens_Strike_2017_2024,50.0,False,A_coverage_completeness,,,,,,,,
The Nation,CONTROL_MeToo_Protests_2017_2024,49.0,False,A_coverage_completeness,,,,,,,,
The Nation,CONTROL_Polish_Womens_Strike_2020_2024,50.0,False,A_coverage_completeness,,,,,,,,
The Nation,Israeli_Womens_Protests_2023,10.0,False,A_coverage_completeness,,,,,,,,
The Nation,Polish_Womens_Strike_2020,24.0,False,A_coverage_completeness,,,,,,,,
The Nation,Roe_Leak_Protests_2022,23.0,False,A_coverage_completeness,,,,,,,,
The Nation,Sarah_Everard_Vigils_2021,28.0,False,A_coverage_completeness,,,,,,,,
The Nation,Women_Life_Freedom_2022,30.0,False,A_coverage_completeness,,,,,,,,
The New Yorker,Israeli_Womens_Protests_2023,25.0,False,A_coverage_completeness,,,,,,,,
The New Yorker,Roe_Leak_Protests_2022,39.0,False,A_coverage_completeness,,,,,,,,
The New Yorker,Women_Life_Freedom_2022,32.0,False,A_coverage_completeness,,,,,,,,
The Sun,Israeli_Womens_Protests_2023,38.0,False,A_coverage_completeness,,,,,,,,
The Sun,MeToo_Protests_2017,14.0,False,A_coverage_completeness,,,,,,,,
The Sun,Polish_Womens_Strike_2020,32.0,False,A_coverage_completeness,,,,,,,,
The Sun,Roe_Leak_Protests_2022,28.0,False,A_coverage_completeness,,,,,,,,
The Sun,Sarah_Everard_Vigils_2021,37.0,False,A_coverage_completeness,,,,,,,,
The Sun,Swiss_Womens_Strike_2019,37.0,False,A_coverage_completeness,,,,,,,,
The Sun,Women_Life_Freedom_2022,40.0,False,A_coverage_completeness,,,,,,,,
The Telegraph,CONTROL_International_Womens_Strike_2017_2024,50.0,False,A_coverage_completeness,,,,,,,,
The Telegraph,CONTROL_MeToo_Protests_2017_2024,50.0,False,A_coverage_completeness,,,,,,,,
The Telegraph,CONTROL_Polish_Womens_Strike_2020_2024,50.0,False,A_coverage_completeness,,,,,,,,
The Telegraph,IWD_2018_Global,32.0,False,A_coverage_completeness,,,,,,,,
The Telegraph,International_Womens_Strike_2017,35.0,False,A_coverage_completeness,,,,,,,,
The Telegraph,Israeli_Womens_Protests_2023,33.0,False,A_coverage_completeness,,,,,,,,
The Telegraph,MeToo_Protests_2017,30.0,False,A_coverage_completeness,,,,,,,,
The Telegraph,Polish_Womens_Strike_2020,35.0,False,A_coverage_completeness,,,,,,,,
The Telegraph,Roe_Leak_Protests_2022,30.0,False,A_coverage_completeness,,,,,,,,
The Telegraph,Sarah_Everard_Vigils_2021,31.0,False,A_coverage_completeness,,,,,,,,
The Telegraph,Swiss_Womens_Strike_2019,37.0,False,A_coverage_completeness,,,,,,,,
The Telegraph,Women_Life_Freedom_2022,38.0,False,A_coverage_completeness,,,,,,,,
The Telegraph,Womens_March_2017,31.0,False,A_coverage_completeness,,,,,,,,
The Washington Times,IWD_2018_Global,37.0,False,A_coverage_completeness,,,,,,,,
The Washington Times,Israeli_Womens_Protests_2023,34.0,False,A_coverage_completeness,,,,,,,,
The Washington Times,Polish_Womens_Strike_2020,29.0,False,A_coverage_completeness,,,,,,,,
The Washington Times,Roe_Leak_Protests_2022,32.0,False,A_coverage_completeness,,,,,,,,
The Washington Times,Sarah_Everard_Vigils_2021,35.0,False,A_coverage_completeness,,,,,,,,
The Washington Times,Swiss_Womens_Strike_2019,29.0,False,A_coverage_completeness,,,,,,,,
The Washington Times,Women_Life_Freedom_2022,37.0,False,A_coverage_completeness,,,,,,,,
Voice Of America,CONTROL_International_Womens_Strike_2017_2024,50.0,False,A_coverage_completeness,,,,,,,,
Voice Of America,Israeli_Womens_Protests_2023,39.0,False,A_coverage_completeness,,,,,,,,
Voice Of America,Roe_Leak_Protests_2022,43.0,False,A_coverage_completeness,,,,,,,,
Voice Of America,Women_Life_Freedom_2022,40.0,False,A_coverage_completeness,,,,,,,,
Washington Post,Israeli_Womens_Protests_2023,46.0,False,A_coverage_completeness,,,,,,,,
Washington Post,Roe_Leak_Protests_2022,38.0,False,A_coverage_completeness,,,,,,,,
Washington Post,Women_Life_Freedom_2022,47.0,False,A_coverage_completeness,,,,,,,,
elDiario.es,Israeli_Womens_Protests_2023,49.0,False,A_coverage_completeness,,,,,,,,
elDiario.es,Polish_Womens_Strike_2020,48.0,False,A_coverage_completeness,,,,,,,,
elDiario.es,Roe_Leak_Protests_2022,46.0,False,A_coverage_completeness,,,,,,,,
elDiario.es,Sarah_Everard_Vigils_2021,43.0,False,A_coverage_completeness,,,,,,,,
elDiario.es,Women_Life_Freedom_2022,45.0,False,A_coverage_completeness,,,,,,,,
es,CONTROL_International_Womens_Strike_2017_2024,50.0,False,A_coverage_completeness,,,,,,,,
es,CONTROL_MeToo_Protests_2017_2024,50.0,False,A_coverage_completeness,,,,,,,,
es,CONTROL_Polish_Womens_Strike_2020_2024,50.0,False,A_coverage_completeness,,,,,,,,
i,CONTROL_International_Womens_Strike_2017_2024,50.0,False,A_coverage_completeness,,,,,,,,
i,CONTROL_MeToo_Protests_2017_2024,50.0,False,A_coverage_completeness,,,,,,,,
i,CONTROL_Polish_Womens_Strike_2020_2024,50.0,False,A_coverage_completeness,,,,,,,,
i,Israeli_Womens_Protests_2023,39.0,False,A_coverage_completeness,,,,,,,,
i,Polish_Womens_Strike_2020,42.0,False,A_coverage_completeness,,,,,,,,
i,Roe_Leak_Protests_2022,38.0,False,A_coverage_completeness,,,,,,,,
i,Sarah_Everard_Vigils_2021,31.0,False,A_coverage_completeness,,,,,,,,
i,Women_Life_Freedom_2022,39.0,False,A_coverage_completeness,,,,,,,,
,,1067.0,,B_language_distribution,DE,14.06,,,,,,
,,5690.0,,B_language_distribution,EN,74.98,,,,,,
,,439.0,,B_language_distribution,ES,5.78,,,,,,
,,393.0,,B_language_distribution,FR,5.18,,,,,,
Associated Press News,,59.0,,B_language_by_publisher,EN,,,,,,,
Associated Press News,,8.0,,B_language_by_publisher,ES,,,,,,,
Business Insider,,233.0,,B_language_by_publisher,EN,,,,,,,
CBC News,,74.0,,B_language_by_publisher,EN,,,,,,,
CNBC,,258.0,,B_language_by_publisher,EN,,,,,,,
CNBC,,2.0,,B_language_by_publisher,ES,,,,,,,
Daily Mail,,418.0,,B_language_by_publisher,EN,,,,,,,
Deutsche Welle,,185.0,,B_language_by_publisher,DE,,,,,,,
Deutsche Welle,,152.0,,B_language_by_publisher,EN,,,,,,,
Deutsche Welle,,9.0,,B_language_by_publisher,ES,,,,,,,
Deutsche Welle,,3.0,,B_language_by_publisher,FR,,,,,,,
Die Tageszeitung (taz),,175.0,,B_language_by_publisher,DE,,,,,,,
Die Tageszeitung (taz),,150.0,,B_language_by_publisher,EN,,,,,,,
Die Zeit,,40.0,,B_language_by_publisher,DE,,,,,,,
El Mundo,,50.0,,B_language_by_publisher,EN,,,,,,,
El Mundo,,115.0,,B_language_by_publisher,ES,,,,,,,
El País,,9.0,,B_language_by_publisher,ES,,,,,,,
Euronews (EN),,251.0,,B_language_by_publisher,EN,,,,,,,
Euronews (FR),,50.0,,B_language_by_publisher,EN,,,,,,,
Euronews (FR),,154.0,,B_language_by_publisher,FR,,,,,,,
Fox News,,407.0,,B_language_by_publisher,EN,,,,,,,
Frankfurter Allgemeine Zeitung,,211.0,,B_language_by_publisher,DE,,,,,,,
La Vanguardia,,150.0,,B_language_by_publisher,EN,,,,,,,
La Vanguardia,,45.0,,B_language_by_publisher,ES,,,,,,,
La Vanguardia,,1.0,,B_language_by_publisher,FR,,,,,,,
Le Figaro,,50.0,,B_language_by_publisher,EN,,,,,,,
Le Figaro,,89.0,,B_language_by_publisher,FR,,,,,,,
Le Monde,,28.0,,B_language_by_publisher,EN,,,,,,,
Le Monde,,146.0,,B_language_by_publisher,FR,,,,,,,
Los Angeles Times,,150.0,,B_language_by_publisher,EN,,,,,,,
Reuters,,108.0,,B_language_by_publisher,EN,,,,,,,
Rolling Stone,,59.0,,B_language_by_publisher,EN,,,,,,,
Spiegel Online,,163.0,,B_language_by_publisher,DE,,,,,,,
Spiegel Online,,2.0,,B_language_by_publisher,EN,,,,,,,
Tagesschau,,287.0,,B_language_by_publisher,DE,,,,,,,
The BBC,,6.0,,B_language_by_publisher,DE,,,,,,,
The BBC,,159.0,,B_language_by_publisher,EN,,,,,,,
The Gateway Pundit,,185.0,,B_language_by_publisher,EN,,,,,,,
The Globe and Mail,,158.0,,B_language_by_publisher,EN,,,,,,,
The Guardian,,144.0,,B_language_by_publisher,EN,,,,,,,
The Independent,,271.0,,B_language_by_publisher,EN,,,,,,,
The Intercept,,31.0,,B_language_by_publisher,EN,,,,,,,
The Intercept,,20.0,,B_language_by_publisher,ES,,,,,,,
The Nation,,264.0,,B_language_by_publisher,EN,,,,,,,
The New Yorker,,96.0,,B_language_by_publisher,EN,,,,,,,
The Sun,,226.0,,B_language_by_publisher,EN,,,,,,,
The Telegraph,,482.0,,B_language_by_publisher,EN,,,,,,,
The Washington Times,,233.0,,B_language_by_publisher,EN,,,,,,,
Voice Of America,,172.0,,B_language_by_publisher,EN,,,,,,,
Washington Post,,131.0,,B_language_by_publisher,EN,,,,,,,
elDiario.es,,231.0,,B_language_by_publisher,ES,,,,,,,
es,,150.0,,B_language_by_publisher,EN,,,,,,,
i,,339.0,,B_language_by_publisher,EN,,,,,,,
Associated Press News,,,,C_protest_control_balance,,,67.0,0.0,,False,,
Business Insider,,,,C_protest_control_balance,,,183.0,50.0,3.66,True,,
CBC News,,,,C_protest_control_balance,,,74.0,0.0,,False,,
CNBC,,,,C_protest_control_balance,,,210.0,50.0,4.2,True,,
Daily Mail,,,,C_protest_control_balance,,,268.0,150.0,1.79,False,,
Deutsche Welle,,,,C_protest_control_balance,,,199.0,150.0,1.33,False,,
Die Tageszeitung (taz),,,,C_protest_control_balance,,,175.0,150.0,1.17,False,,
Die Zeit,,,,C_protest_control_balance,,,40.0,0.0,,False,,
El Mundo,,,,C_protest_control_balance,,,115.0,50.0,2.3,True,,
El País,,,,C_protest_control_balance,,,9.0,0.0,,False,,
Euronews (EN),,,,C_protest_control_balance,,,201.0,50.0,4.02,True,,
Euronews (FR),,,,C_protest_control_balance,,,154.0,50.0,3.08,True,,
Fox News,,,,C_protest_control_balance,,,257.0,150.0,1.71,False,,
Frankfurter Allgemeine Zeitung,,,,C_protest_control_balance,,,211.0,0.0,,False,,
La Vanguardia,,,,C_protest_control_balance,,,46.0,150.0,0.31,False,,
Le Figaro,,,,C_protest_control_balance,,,89.0,50.0,1.78,False,,
Le Monde,,,,C_protest_control_balance,,,174.0,0.0,,False,,
Los Angeles Times,,,,C_protest_control_balance,,,0.0,150.0,0.0,False,,
Reuters,,,,C_protest_control_balance,,,108.0,0.0,,False,,
Rolling Stone,,,,C_protest_control_balance,,,59.0,0.0,,False,,
Spiegel Online,,,,C_protest_control_balance,,,165.0,0.0,,False,,
Tagesschau,,,,C_protest_control_balance,,,137.0,150.0,0.91,False,,
The BBC,,,,C_protest_control_balance,,,165.0,0.0,,False,,
The Gateway Pundit,,,,C_protest_control_balance,,,35.0,150.0,0.23,False,,
The Globe and Mail,,,,C_protest_control_balance,,,108.0,50.0,2.16,True,,
The Guardian,,,,C_protest_control_balance,,,144.0,0.0,,False,,
The Independent,,,,C_protest_control_balance,,,121.0,150.0,0.81,False,,
The Intercept,,,,C_protest_control_balance,,,51.0,0.0,,False,,
The Nation,,,,C_protest_control_balance,,,115.0,149.0,0.77,False,,
The New Yorker,,,,C_protest_control_balance,,,96.0,0.0,,False,,
The Sun,,,,C_protest_control_balance,,,226.0,0.0,,False,,
The Telegraph,,,,C_protest_control_balance,,,332.0,150.0,2.21,True,,
The Washington Times,,,,C_protest_control_balance,,,233.0,0.0,,False,,
Voice Of America,,,,C_protest_control_balance,,,122.0,50.0,2.44,True,,
Washington Post,,,,C_protest_control_balance,,,131.0,0.0,,False,,
elDiario.es,,,,C_protest_control_balance,,,231.0,0.0,,False,,
es,,,,C_protest_control_balance,,,0.0,150.0,0.0,False,,
i,,,,C_protest_control_balance,,,189.0,150.0,1.26,False,,
The Telegraph,,482.0,,E_ideological_balance,,,,,,,,
Daily Mail,,418.0,,E_ideological_balance,,,,,,,,
Fox News,,407.0,,E_ideological_balance,,,,,,,,
Deutsche Welle,,349.0,,E_ideological_balance,,,,,,,,
i,,339.0,,E_ideological_balance,,,,,,,,
Die Tageszeitung (taz),,325.0,,E_ideological_balance,,,,,,,,
Tagesschau,,287.0,,E_ideological_balance,,,,,,,0.0,centre
The Independent,,271.0,,E_ideological_balance,,,,,,,,
The Nation,,264.0,,E_ideological_balance,,,,,,,,
CNBC,,260.0,,E_ideological_balance,,,,,,,-0.2,centre
Euronews (EN),,251.0,,E_ideological_balance,,,,,,,,
Business Insider,,233.0,,E_ideological_balance,,,,,,,,
The Washington Times,,233.0,,E_ideological_balance,,,,,,,,
elDiario.es,,231.0,,E_ideological_balance,,,,,,,,
The Sun,,226.0,,E_ideological_balance,,,,,,,,
Frankfurter Allgemeine Zeitung,,211.0,,E_ideological_balance,,,,,,,,
Euronews (FR),,204.0,,E_ideological_balance,,,,,,,,
La Vanguardia,,196.0,,E_ideological_balance,,,,,,,,
The Gateway Pundit,,185.0,,E_ideological_balance,,,,,,,,
Le Monde,,174.0,,E_ideological_balance,,,,,,,,
Voice Of America,,172.0,,E_ideological_balance,,,,,,,,
The BBC,,165.0,,E_ideological_balance,,,,,,,,
Spiegel Online,,165.0,,E_ideological_balance,,,,,,,,
El Mundo,,165.0,,E_ideological_balance,,,,,,,,
The Globe and Mail,,158.0,,E_ideological_balance,,,,,,,,
Los Angeles Times,,150.0,,E_ideological_balance,,,,,,,,
es,,150.0,,E_ideological_balance,,,,,,,,
The Guardian,,144.0,,E_ideological_balance,,,,,,,,
Le Figaro,,139.0,,E_ideological_balance,,,,,,,,
Washington Post,,131.0,,E_ideological_balance,,,,,,,,
Reuters,,108.0,,E_ideological_balance,,,,,,,0.0,centre
The New Yorker,,96.0,,E_ideological_balance,,,,,,,,
CBC News,,74.0,,E_ideological_balance,,,,,,,,
Associated Press News,,67.0,,E_ideological_balance,,,,,,,,
Rolling Stone,,59.0,,E_ideological_balance,,,,,,,,
The Intercept,,51.0,,E_ideological_balance,,,,,,,,
Die Zeit,,40.0,,E_ideological_balance,,,,,,,,
El País,,9.0,,E_ideological_balance,,,,,,,,
